code	severity	auto	message	origin
`TEMPLATE_NOT_FOUND`	warning（②は公開前チェックで「要対応」として出す＝`PrecheckItem` 側の値。`Warning.severity` は §5 の3値）	**状況で分ける**。①**取り込み時**（AI出力→場面への変換）は同category・同orientationへ**自動補正**（`12 §8`・§2-2 の「検証→自動補正→変換」。場面はまだ作り立てで、失われる作り込みが無い）。②**既存の場面**が後から解決できなくなった場合は**自動では置換しない**＝書き出しを停止し公開前チェックで該当場面を示す。標準へ寄せるのは**利用者の明示操作**「まとめて標準にする」（作り込んだ配置が黙って別物に化けるのを防ぐ）。③**マイ見た目の削除と同時**は、開いているプロジェクトの使用場面を標準へ置換する（#458・孤立参照を作らない）。これは削除確認で**影響する場面数を先に示した**うえでの明示操作として成立させる（他プロジェクトの場面は②に落ちる）	①この場面の見た目パターンが見つからないため、標準を使います ②この場面の見た目パターンが見つかりません。場面編集で選び直すか、「まとめて標準にする」で標準の見た目に変えてください ③この場面の見た目パターンが見つかりません。見た目パターンを手動で選んでください	`11 §9`・`12 §8`・#547。⚠️ **場面編集は理由を畳めない場所に出す**（差分再監査 9・10巡目）＝書き出しを止めているのに、理由も選び直す先も既定で畳まれた節の中にしかなかった。**未解決のときは「文字」の節そのものを出さない**（存在しない見た目について語らない）。⚠️ **場面編集の文言は `sceneTemplateProblemMessage` に1つ**＝画面へ直書きすると、候補ゼロのときに**実行できない次の行動**（「選び直してください」）を出す側と出さない側が並ぶ。⚠️ **公開前チェック（`adapters`）と取り込み時（`transformPlan`）は別の文**＝同じコードでも**出る場所で次の行動が違う**（前者は「まとめて標準にする」、後者は**自動補正の報告**と、**補正先が無いときの手動選択**の2つ）ので等値検査の対象外＝**合計3つ**。⚠️ **候補ゼロでも次の行動で終わる**（種類を変える／見た目パターンを作る）＝行き止まりにしない。⚠️ **α-7 出口監査で、表から漏れているのが見つかった**＝**取り込み時の3つ目の文**（見た目パターンを手動で選んでください）が表に無かった＝由来欄は「合計3つ」と書いているのに、書いてあるのは2つだった
`TEMPLATE_ORIENTATION_MISMATCH`	info（補正時）/ warning（補正不可時）	同category・同orientation へ置換（**取り込み時はマイ見た目を当て先にしない**＝ADR-0017／利用者の向き変更ではマイ見た目も可）	①動画の向きに合う見た目に調整しました ②動画の向きに合う見た目が見つかりませんでした。見た目パターンを手動で選んでください	`ADR-0012` / `11 §9`。⚠️ **α-7 出口監査で、表から漏れているのが見つかった**＝**補正できなかったときの文**が表に無かった
`ASSET_NOT_FOUND`	warning	null＋候補提示	使う写真・動画が見つかりません。選び直してください	`05 §17`
`ASSET_FILE_MISSING`	warning（公開前チェックでは**使っている素材のみ**「要対応」＝`PrecheckItem` 側の値。使っていない素材は動画に入らないので出さない）	**選び直し導線**（#347・α-6 で実装）＝`assetId` は変えずに**ファイルだけ差し替える**（ADR-0024＝Asset は元素材の源泉）ので、置いた場所・切り出す範囲・キーフレーム・字幕の紐づけは**構造的に**残る。⚠️ **黙って別の素材にしない**（`§2-5`・ADR-0026④）。差し替えた素材が短く**切り出す範囲が新しい長さを超える**ときは収め直し、**収め直したことを知らせる**（`clipClampedMessage`）。⚠️ **種類の違うファイルへは差し替えない**＝写真↔動画で入れ替えると、種類を変えれば**置いた差し込み口が受け付けなくなって黙って消え**、種類を変えなければ**写真として動画を描く**ことになり何も映らない（どちらも「黙って別の結果」）。断って**代わりの手**（取り込んでから場面で選び直す）を示す。調べるのは**アプリの中だけ**＝ブラウザにはプロジェクトフォルダが無く、「全部見つからない」は嘘になるので**項目そのものを出さない**。⚠️ **タイムライン形式にも同じ手を出す**（#1019 ⑤・`11 §7.6.3.3`）＝この行は形式を限定していないのに導線が場面形式にしか無く、タイムライン側は「取り込み直すか置き直してください」＝どちらも**新しい番号になる**（切り抜き・動き・連動する字幕まで作り直し）だった（ADR-0026②）。収め直す先は**素材そのもの・直接置いた動画・差し込み口に入れた動画**の3つ	①（素材の画面・一覧）〇つの素材のファイルが見つかりません。動かしたか、消えている可能性があります。その素材を選んで「ファイルを選び直す」から入れ直してください（置いた場所や設定はそのまま残ります） ②（公開前チェック）動画で使っている素材のファイルが見つかりません（〇〇）。素材の画面で「ファイルを選び直す」から入れ直してください ③（タイムライン形式の編集画面）絵が出せない素材を使っている部品が〇個あります。そのままでは動画にその絵が出ません。ファイルを選び直すと、置いた場所・切り出す範囲・動き・字幕の紐づけはそのまま残ります〔＋素材ごとに「ファイルを選び直す」〕	`05 §17`・#347
`REQUIRED_SLOT_EMPTY`	warning	—	この場面に入れる写真・動画がまだ選ばれていません。表の「素材を変更」から選んでください	`11 §8 V6`。⚠️ **表が実装から離れていた**（#354）＝この行は初期設計のまま一度も更新されておらず、表は「写真・動画」、実装（`transformPlan`）は「素材」だった。実装の語に合わせた。⚠️ **次の行動が無い**（§2-5）＝どこで選ぶのかを言っていない。文言の作り直しは #962 で追う。**#962 で次の行動を足した**＝以前は「未設定です」で終わっており、**どこで直すのか**を言っていなかった（§2-5）。たたき台の表にある操作の名前で言う。文言は `TRANSFORM_WARNING`（domain）
`DURATION_CLAMPED`	info	clamp	表示時間を見やすい長さに調整しました	`11 §9`
`TEXT_OVERFLOW`	warning	—	①セリフが長いので読みづらくなります。表の「セリフを直す」から短くしてください ②字幕が長いので読みづらくなります。表の「セリフを直す」から短くしてください	`05 §17`。⚠️ **表が実装から離れていた**（#354）＝この行は初期設計のまま一度も更新されておらず、表は「文字が表示範囲に収まりません。短くできます」だったが、実装（`transformPlan`）は**セリフと字幕で2つ**あり、どちらも別の文だった。⚠️ 表の「短縮提案」は**実装が無い**（短くする導線は出ない）＝#962 で追う。**#962 で次の行動を足した**（同上）。⚠️ **自動対応を「短縮提案」から `—` へ改めた**＝**短くする導線は実装が無い**（表だけが約束していた）。作るかどうかは別途決める
`SCENE_TYPE_FALLBACK`	info	既知の場面の種類へ寄せる	不明な場面種別を調整しました	`12 §8`。⚠️ **α-7 出口監査で、表に1行も無いことが見つかった**（domain が出す断りは`codeMessages()` の走査の外にあり、機械でも気づけなかった）。⚠️ **「場面種別」は実装寄りの語**（`06 §3` は「場面の種類」）＝文言の作り直しは別途
`POSE_FALLBACK`	info	既定yukoへ	①ゆうこの表情を標準に調整しました ②ゆうこの素材が見つかりません	`12 §8.3`。⚠️ **α-7 出口監査で、表から漏れているのが見つかった**＝**同じコードで2つ目の文**（素材が無いとき・`warning`／自動補正ではない）が表に無かった。⚠️ **次の行動が無い**＝素材の画面でゆうこの素材を取り込む、を言っていない。文言の作り直しは別途
~~`NARRATION_EMPTY`~~	warning	～～生成前に警告～～	～～セリフが空です。入力してください～～	`08 §10`。⚠️ **表が実装から離れていた**（#354）＝この行は初期設計のまま一度も更新されておらず、⚠️ **実装が無い**＝空のセリフを警告する経路はどこにも無い（事前確認にも項目が無い）。そもそも**セリフの無い場面は成り立つ**（音のない場面）ので、この行自体が要らない可能性がある。#962 で決める。**#962 で退役**＝⚠️ **この文言はどこにも出していない**（空のセリフを警告する経路が無い）うえ、**セリフの無い場面は成り立つ**（音のない場面・区切り）ので、そもそも警告すべきものではない。⚠️ **行は消さず退役として残す**（`TIMELINE_EXPORT_VIDEO_ASSET_UNSUPPORTED` と同じ流儀＝過去の版の記述と突き合わせられる）
`VOICE_ENGINE_UNAVAILABLE`	error	設定確認導線	ゆうこの声の準備ができていません。設定を確認してください	`05 §17`
`VOICE_GENERATION_FAILED`	error	該当シーン再試行	ゆうこの声の作成に失敗しました。もう一度お試しください（**前の声がそのまま使えるときは** `KEPT_PREVIOUS_VOICE_SUFFIX`＝「前に作った声はそのまま使えます。」を添える・#755-3）	添え書きの条件＝**印を据え置いた**かつ**鳴らす材料がある**（印だけで言うと、読み込めていない声にも「使えます」と言う）
`VOICE_TIMEOUT`	error	セリフを短く分ける／アプリを開き直す	ゆうこの声を作るのに時間がかかりすぎました。セリフを短く分けるか、アプリを開き直してから、もう一度お試しください	#1024 ④。⚠️ **上限が無く「作成中…」のまま止まりうる**状態だった（`reqwest::Client::new()`＝timeout 未設定／AI 側は 60 秒を設定していた）。一括作成は中止できるが、**1件ずつ作るときは抜け道が無い**。⚠️ **時間切れを `VOICE_ENGINE_UNAVAILABLE` と同じ文にしない**＝エンジンには**届いている**ので「設定を確認」は**実行できない次の行動**になる。⚠️ **上限は 180 秒**（AI の 60 秒より長い＝長いセリフの合成は同梱エンジンでも数十秒かかる）。**つなぐまでは 10 秒**（動いていないときに3分待たせない）。⚠️ **つなぐ前に落ちたものは、この文にしない**〔PR #1036 レビュー 🔴〕＝`is_timeout()` は**つなぐまでの上限**が切れたときも真になるので、そのまま倒すと**届いてすらいないのに「開き直してください」**と言う。拒否・名前解決の失敗・つなぐ時間切れは、まとめて `VOICE_ENGINE_UNAVAILABLE`／「音声ソフトにつながりません」へ倒す（`is_connect()` で分ける）
`ENGINE_TIMEOUT`	error	アプリを開き直す	音声ソフトの応答に時間がかかりすぎました。アプリを開き直してから、もう一度お試しください	#1024 ④。読み方の聞き比べ・読み方辞書（ADR-0037）の経路。⚠️ **こちらは「短くする」手が無い**ので開き直しだけを言う（`VOICE_TIMEOUT` と文を分ける理由）。⚠️ 見分けは `send_error`（`voicevox.rs`）に**1か所だけ**置く＝送る所は8か所あり、写すと片方だけ時間切れを見分けるようになる
`AI_RESPONSE_INVALID`	error	再生成/手動	通信状況や設定を確認して、もう一度お試しください。手動で場面を作ることもできます	`12 §9.3`。⚠️ **表が実装から離れていた**（#354）＝この行は初期設計のまま一度も更新されておらず、実装は `generateFailedMessage(reason)`＝**理由が取れたらそれを出し、取れないときに上の文**を出す（`reason ?? …`）。表には**既定の文**を書く
`EXPORT_FAILED`	error	失敗した場面を出す／最初からやり直す（#994）	①動画の保存に失敗しました。もう一度お試しください。何度も失敗するときは、設定の「記録の場所を開く」から記録をお送りください ②動画を書き出せませんでした。しばらくしてから、もう一度お試しください。何度も失敗するときは、設定の「記録の場所を開く」から記録をお送りください	`05 §17`。⚠️ **表が実装から離れていた**（#354）＝この行は初期設計のまま一度も更新されておらず、⚠️ **表は「ログを確認してください」だった**＝`§2-3` の禁止語（`06 §3` で log→記録）を**正典が載せていた**うえ、当時アプリに記録を見る導線は無く**実行できない次の行動**だった。実装は場面形式（`ExportScreen`）とタイムライン形式（`timelineStore`）で別の文＝両方を書く。いずれも `detail` が取れたらそちらを優先する。#396 で記録の場所ができたので、繰り返し失敗する場合の案内に足すかは #962 で決める。**#962 で記録へつないだ**＝以前は「もう一度お試しください」で終わっており、**何度やっても失敗する人は行き止まり**だった。#396 で記録ができたのでそこへ案内する（記録は外へ送られないので、送るかどうかは利用者が決める）。文言は `exportFailedMessage`
`FFMPEG_NOT_FOUND`	fatal	—	動画の書き出しに必要な準備が見つかりませんでした。アプリを入れ直すか、設定をご確認のうえ、もう一度お試しください	`08 §10`。⚠️ **表が実装から離れていた**（#354）＝この行は初期設計のまま一度も更新されておらず、実装は `exportCapability`（`toolMissing`/`unavailable`）。表の「準備が不足しています」は次の行動が無く、実装の方が具体的だった
`BGM_FILE_BROKEN`	warning	BGMなしで続行を提示	BGMを読み込めませんでした。BGMなしで続けられます	`08 §10`
`TOTAL_DURATION_EXCEEDED`	warning	—	動画が長すぎます。場面を減らすか短くしてください	`11 §8 V9`
`TOO_MANY_SCENES`	warning	—	場面が多すぎます。整理をおすすめします	`11 §8 V10`
`FREE_ELEMENT_OUT_OF_BOUNDS`	warning	—	画面の外にはみ出した配置があります。画面内に移動できます	`ADR-0008 §8`
`FREE_ELEMENT_INVALID_SIZE`	warning	—	配置した要素の大きさが正しくありません。幅と高さを設定し直してください	`ADR-0008 §8`
`FREE_TEXT_EMPTY`	info	—	文字が入っていない配置があります。文字を入力してください	`ADR-0008 §8`
`LINE_ID_DUPLICATE`	warning	案内のみ（UI採番は一意で通常出ない）	セリフの並びに重複があります。作り直してください	`ADR-0015 §8 V16`
`LINE_START_OUT_OF_RANGE`	warning	案内（入力は[0,場面尺]へclamp・描画も clamp）	セリフの開始位置が場面の長さを超えています。場面の長さ内にしてください	`ADR-0015 §8 V17`
`LINE_ORDER_INVALID`	warning	時間順へ並べ直し	セリフの開始順序が前後しています。時間順に並べ直せます	`ADR-0015 §8 V18`
`LINE_SPEAKER_UNKNOWN`	warning	既定の声へ	選べない声が指定されています。標準の声を使います	`ADR-0015 §8 V19`
`TIMELINE_TRACK_NOT_FOUND`	warning	—	どの列に置くか決まっていない部品があります。列を選び直してください	`ADR-0032`・`11 §8 V22`
`TIMELINE_CLIP_TRACK_KIND`	warning	—	音の部品は音の列に、絵や文字の部品は映像の列に置いてください	`ADR-0032`・`11 §8 V23`
`TIMELINE_CLIP_OVERLAP`	warning	—	同じ列で時間が重なっています。ずらすか、列を増やして重ねてください	`ADR-0032`・`11 §8 V24`
`TIMELINE_AUDIO_SOURCE_CONFLICT`	warning	—	音の出どころが2つ指定されています。どちらか一方にしてください	`ADR-0032`・`11 §8 V25`
`TIMELINE_VOICE_TEXT_EMPTY`	info	—	読み上げる文が入っていません。文を入力してください	`ADR-0032`・`11 §8 V28`
`TIMELINE_VOICE_ON_NON_VOICE`	warning	—	読み上げの中身は読み上げの部品にだけ置けます。読み上げの部品に置き直してください	`ADR-0032`・`11 §8 V28`
`TIMELINE_SUBTITLE_LINK_NOT_FOUND`	warning	—	連動する読み上げが見つかりません。連動先を選び直すか、連動をやめてください	`ADR-0032` 決定24・`11 §8 V29`（字幕は自分の文へ落ちて描かれ続ける＝黙って連動が切れたことに気づけない）
`TIMELINE_CROP_HIDES_ALL`	warning	—	切り抜きで全部隠れている部品があります。切り抜きを小さくしてください	`ADR-0032`・`11 §8 V30`（描画は 1px 残す＝丸ごと消えたことに気づけるようにする）
`TIMELINE_ANIMATION_DUPLICATE`	warning	—	ひとつの部品に動きが2つ以上あります。あとの1つは動画に出ないので、動きを付け直してください	`ADR-0032`・`11 §8 V31`（読む側は `targetId` で1本しか見ない＝2本あると片方が黙って無視される・#717）
`TIMELINE_DUPLICATE_ID`	warning	—	同じ部品が二重に入っていて、正しく表示できません。その部品を消して置き直すか、元の動画の「タイムラインで編集する形にする」から作り直してください	`ADR-0032`・`11 §8 V32`（読む側は id で引き当てる＝重なると別のものに効く・#811）
`TIMELINE_SUBTITLE_LINK_ON_NON_SUBTITLE`	warning	—	読み上げと連動できるのは字幕の部品だけです。字幕の部品に置き直してください	`ADR-0032` 決定24・`11 §8 V29`
`BAKE_DIALOGUE_SUBTITLE_SKIPPED`	info	—	セリフに合わせて切り替わる字幕は持っていけません。作ったあとに字幕を置き直してください	`ADR-0032`・`11 §7.6.1.1`（**通常の見た目の字幕層は #633 で焼けるようになった**＝残るのは自由配置の字幕ボックスで対象が行に追従するもの〔全部／話者〕だけ）
`BAKE_VIDEO_START_TIMING_SKIPPED`	info	—	動画を再生し始めるタイミングは持っていけません。作ったあとに動画の位置で調整してください	`ADR-0032`・`11 §7.6.1`
`TIMELINE_OVERLAY_RETIRED`	info	データは残す（消さない）	この動画には以前この画面で直した時間の流れが残っていますが、動画には反映されなくなりました。内容は消していません。時間の流れを細かく作るときはタイムライン編集用に書き出してください	`ADR-0032` 決定11/12・`11 §1`（#635。**黙って消さない**＝ファイルには残し、描画・書き出しに出さないことだけを伝える）
`READING_DICT_SYNC_FAILED`	error	声を作らない（断る）	読み方を音声ソフトへ反映できませんでした。設定の「音声ソフトの接続先」を確かめてから、もう一度お試しください。（読み方が反映されないまま声を作ると、会社名や人名が違う読みになります）	`ADR-0037` 決定7・#350。⚠️ **黙って作らない**（§2-5）＝送れないエンジン（`--disable_mutable_api` 等）で誤読のまま成功にしない。⚠️ **辞書が空で控えも無いときは触らない**＝反映するものが無いので、この機能を使っていない利用者の書き出しを新しい検査で止めない。⚠️ **呼び口は1つ**（`ensureReadingDictSynced` を `VoicevoxProvider.synthesize` の中で通す）＝合成の入口4か所へ配線すると片方だけ漏れる
`READING_DICT_WORD_CONFLICT`	info	上書きしない（そのまま）	音声ソフトに、同じ言葉で違う読み方が登録されています。この読み方は上書きしていません	`ADR-0037` 決定3b・#350。⚠️ **他の VOICEVOX の辞書を壊さない**＝利用者が VOICEVOX 本体で入れた読みをアプリが勝手に書き換えない。⚠️ **自分の語と見るのは「控えた id に実際に当たったとき」だけ**（PR #883 再レビュー）＝「その言葉の控えを持っている」だけでは足りない（エンジンを入れ直した後に、別の主体が同じ言葉を登録していることがある）。辞書は OS 上の固定パスで共有される（`--user_dict_path` に相当するオプションが無い）。⚠️ **知らせる場所は設定の「言葉の読み方」**＝画面を開いたとき・編集したときに映しに行き、そこで「こちらの読みにする」を押したときだけ上書きする（**押されるまで上書きしない**）。この画面が受け手を持たないと、**一度も出ない検査**になる（PR #883 レビュー）
`READING_DICT_IMPORT_DUPLICATE`	info	足さない（選ばせる）	読み込んだ一覧に、同じ言葉で読みが違うものがありました。そのままにするか、読み込んだ方に置き換えるかを選べます	`ADR-0037` 決定8・#350。⚠️ **読み込みは「足す」が既定**＝同じ言葉があるとき黙って上書きしない（利用者判断 2026-08-26）。1件ずつ選ぶ＝まとめて上書きにしない
`USER_FONT_MISSING`	error	書き出しを止める（描画は既定へ倒す）	この動画で使っている文字の形（フォント）が N つ見つかりません。このまま書き出すと別の字になります。設定の「文字の形」から取り込み直すか、使っている場面で別の文字の形を選び直してください	`ADR-0038`・#261。⚠️ **黙って別の字体の動画を成功として出さない**（§2-5）＝画面は既定の字体で描いてよい（真っ白にしない）が、**書き出しは止める**。⚠️ **「調べていない」と「そろっている」を分ける**＝一覧を取れない場では項目そのものを出さない（`missingAsset`／#347 と同じ流儀）。出どころ＝公開前チェックの「見つからない文字の形」（`blocksExport`）
`READING_DICT_UNREADABLE_FOR_VOICE`	error	声を作らない（断る）	読み方の一覧を読めませんでした。このまま声を作ると、会社名や人名が違う読みになることがあります。アプリを開き直してから、もう一度お試しください	`ADR-0037` 決定7・α-6 差分再監査。⚠️ **設定画面向けの文言を流用しない**＝あちら（`READING_DICT_UNREADABLE`）は「足す・外すは止めています」で、声を作ろうとしている人には**いま何が起きたのか**が伝わらない（§2-5）。断ること自体は決定7 のとおり（誤読のまま成功にしない）
`READING_DICT_UNREADABLE`	error	読まない・書かない（**ファイルは残す**）	読み方の一覧を読めませんでした。中身を失わないよう、足す・外すは止めています。アプリを開き直してください	`ADR-0037`・α-6 出口監査 🟡19 のレビュー。⚠️ **空として返さない**＝画面が「1つも登録していない」を見せ、次の保存が**その空で丸ごと上書き**して登録した読みが全部消える（取り戻せない）。断れば書き込みが走らないので**壊れたファイルはそのまま残る**。⚠️ **壊れた「語」は1件ずつ落として数を返す**（`parseReadingDictWithDrops`）＝丸ごと捨てるのは「JSON ですら無い」ときだけ。⚠️ **声も作らない**＝`ensureReadingDictSynced` がこの理由で断る（決定7＝誤読のまま成功にしない）
`TIMELINE_EXPORT_USER_FONT_UNREADABLE`	error	書き出しを止める（描画は既定へ倒す）	この動画は取り込んだ文字の形（フォント）を使っていますが、いま手元にあるかを調べられませんでした。このまま書き出すと別の字になることがあります。アプリを開き直してから、もう一度お試しください	`ADR-0038`・α-6 差分再監査 2巡目。⚠️ **「見つからない」とは別**＝目録そのものが読めないので待っても埋まらない。⚠️ **場面形式は同じ状態を `USER_FONT_UNREADABLE`（公開前チェックの `unknownFont`）で止めている**＝こちらが素通りだと**同じ動画が形式によって止まったり出たり**する（ADR-0026②）
`TIMELINE_EXPORT_USER_FONT_MISSING`	error	書き出しを止める（描画は既定へ倒す）	この動画で使っている文字の形（フォント）が見つかりません。このまま書き出すと別の字になります。設定の「文字の形」から取り込み直すか、使っている文字で別の文字の形を選び直してください	`ADR-0038`・α-6 差分再監査。⚠️ **形式で挙動を割らない**（ADR-0026②）＝場面形式には公開前チェックの `missingFont` があるのにタイムライン形式に無いと、**同じ字体で片方だけ黙って既定の字体の動画**が出る。🔴1 を直してタイムラインの文字クリップでも持ち込みフォントを選べるようになったので門も要る。⚠️ **調べていないときは見ない**（`availableUserFontIds` 未指定＝判定材料が無い）
`USER_FONT_UNREADABLE`	error	書き出しを止める（描画は既定へ倒す）	この動画は取り込んだ文字の形（フォント）を N つ使っていますが、いま手元にあるかを調べられませんでした。このまま書き出すと別の字になることがあります。アプリを開き直してから、もう一度お試しください	`ADR-0038`・α-6 出口監査 🟡19 のレビュー。⚠️ **「まだ調べていない」とは別の状態**＝あちら（起動直後・`userFontIds === null`）は待てば埋まるので**止めない**が、こちらは**目録そのものが読めない**ので待っても埋まらない。⚠️ **「見つからない」に倒さない**＝嘘になるうえ、案内の「取り込み直す」が同じ目録を通るので**必ず失敗する行き止まり**になる（§2-5）。⚠️ **黙って通さない**＝別の字体の動画を成功として出さない（`USER_FONT_MISSING` と同じ理由）。出どころ＝公開前チェックの「文字の形を調べられません」（`blocksExport`）
`MANIFEST_UNREADABLE`	error	足す・外すをしない（**目録は書き換えない**）	〔よく使う素材／取り込んだ文字の形〕の一覧を読めませんでした。中身を失わないよう、足す・外すは止めています。アプリを開き直してください	α-6 出口監査 🟡19。⚠️ **壊れた行だけ落とす**（`parse_manifest`）＝1行のせいで空にすると、次の書き込みが**棚を空で上書き**して覚え書きが全部消える。⚠️ **配列ですら無いときは断る**＝読めていないものを「空だった」と扱わない。断ると `add_*`/`delete_*` は書く前に止まるので**壊れたファイルはそのまま残る**（利用者が直せる余地）。⚠️ **ただし空（0バイト）のファイルは通す**＝書き込みが途中で止まると 0 バイトで残るので、断ると**開き直しても直らない行き止まり**になる（失う中身が無いので空として扱う・再監査で発見）
`BRAND_KIT_SAVE_FAILED`	error	覚え直さない（画面も戻す）	会社の見た目を保存できませんでした。しばらくしてから、もう一度お試しください	`ADR-0036`・α-6 出口監査 🟡23。⚠️ **書けていないのに覚えた顔をしない**＝画面だけ変えると、開き直したときに黙って消えている（何を変えたか本人にも分からない）
`USER_FONT_IMPORT_FAILED`	error	取り込まない	このファイルは文字の形として読み込めません。ttf・otf・woff・woff2 のいずれかを選んでください	`ADR-0038`・#261（利用者判断＝形式は4つとも）。⚠️ **読めない字体を一覧に載せない**＝載せると「選べるのに描けない」になる
`SCHEMA_VERSION_UNSUPPORTED`	fatal	—	この動画の内容が正しくありません。一覧から別の動画を選んでください	`11 §1`。⚠️ **表が実装から離れていた**（#354）＝この行は初期設計のまま一度も更新されておらず、⚠️ **表は「対応していないバージョン」だった**＝「バージョン」は実装の言葉で、しかも**次の行動が無い**。実装は形が合わないときの断り（`persistence`）。**アプリより新しい版**は別の行（`PROJECT_NEWER_VERSION`）が「アプリを更新してから開き直す」と案内する。⚠️ **α-7 出口監査で偽の緑が見つかった**＝ここに書いていた「この動画の内容が…」は**タイムライン形式**（`domain/timeline/persistence.ts`）の文で、場面形式の実装（`domain/project/persistence.ts`）は「プロジェクトの内容が…」だった。文言の実在の検査は**コメントに引用された同じ文**でも通ってしまうため、**別の行の実装に当たって緑**になっていた。⚠️ **タイムライン形式は別の行**（`TIMELINE_VERSION_UNSUPPORTED`／`TIMELINE_FORMAT_UNSUPPORTED`）が受け持つ
`PROJECT_FORMAT_UNSUPPORTED`	fatal	—	この動画はタイムラインで編集する形式です。場面の編集画面では開けません。一覧から別の動画を選んでください	`ADR-0032`・`11 §1`
`TIMELINE_FORMAT_UNSUPPORTED`	fatal	—	この動画はタイムラインで編集する形式ではありません。一覧から別の動画を選んでください	`ADR-0032`・`11 §1`（`PROJECT_FORMAT_UNSUPPORTED` の逆向き）
`TIMELINE_VERSION_UNSUPPORTED`	fatal	同メジャーは現行版へ引き上げ	この動画は対応していないバージョンで作成されています。アプリを更新してください	`ADR-0032`・`11 §1`（**「形式」と言わない**＝形式は場面/タイムラインの別を指す語）
`PROJECT_NEWER_VERSION`	fatal	—	この動画は、いまのアプリより新しい版で作られています。アプリを更新してから開き直してください	`#793`・**両形式共通**（`domain/schemaVersionCompare.ts`）。⚠️ **「壊れています」と言わない**＝文書は壊れておらず、**アプリを更新すれば開ける**。⚠️ **「別の動画を選んでください」も書かない**＝**別のを選んでも解決しない**（§2-5＝実行しても直らない行動を名指ししない）。**穴の形**＝両形式の版の関門は**メジャーしか見ない**ので、**同メジャーの新しいマイナー**（場面 1.26／タイムライン 1.9 等）はそこを通り抜け、migrate が版を**現行へ書き下げ**たうえで ajv が落ち、`PROJECT_DOC_BROKEN`／`TIMELINE_DOC_BROKEN` の**嘘の案内**になっていた。**引き上げる前に断る**。⚠️ **マイナーは数で比べる**（文字列だと `1.9 > 1.10` になる）
`TIMELINE_DOC_BROKEN`	fatal	—	この動画の内容が正しくありません。一覧から別の動画を選んでください	`ADR-0032`・`11 §8 V1/V2`
`TIMELINE_OPEN_FAILED`	fatal	—	この動画を開けませんでした。一覧から選び直してください	`ADR-0032`（読み出しそのものの失敗＝生のエラーを出さない）
`TIMELINE_SAVE_FAILED`	error（回復性＝`retryable`。編集内容そのものが残らない＝`EXPORT_FAILED` と同じ段。`warning` 帯の `TIMELINE_EDIT_*` は「置けないだけでデータは無事」なので別）	**自動では繰り返さない**（画面の「保存し直す」で再試行）・**画面を移る前に確認する**	変更を保存できませんでした。もう一度「保存し直す」を押してください。押しても直らないときは、直前の操作を取り消してからお試しください	`ADR-0032`・`06 §12.1`（#693。タイムライン編集は**自動保存**で、共通トップバーの保存ボタンは出さない＝**失敗を伝える担い手はこの画面だけ**。黙って落とすと「閉じても消えない」が破れる〔ADR-0026④〕。同じ理由で失敗し続ける間ディスクを叩き直しても直らないので**利用者に返す**／画面を移ると編集は失われるので**黙って捨てず聞く**（#719＝**サイドバーなど別の入口も同じ関門を通る**・`navigationGuard`））
`TIMELINE_EDIT_OVERLAP`	warning	—	その場所には先に置いてある部品があります。ずらすか、列を足して重ねてください	`ADR-0032`・`11 §8 V24`
`TIMELINE_EDIT_TRACK_KIND`	warning	—	音の部品は音の列に、絵や文字の部品は映像の列に置いてください	`ADR-0032`・`11 §8 V23`
`TIMELINE_EDIT_LOCKED`	warning	—	この列は固定されています。動かすには固定を外してください	`ADR-0032`・`11 §7.6`。⚠️ **締めの文はしようとしたことで変わる**＝**動かす**はこの共有コードの文（`editBlockedMessage`）、**中身を変える／削除する**は `lockedTrackMessage`（`content`/`delete` の2つだけ＝到達しない文言は持たない）。**新しいコードを足さない**（#844-4）＝出どころが増えても状態は同じ「列が固定されている」なので、この1行で受ける。出どころ＝押せない見た目の説明（`lockedHint`）／**二度押しで中へ入れないとき**（#832・ドリルイン）ほか。⚠️ ドリルインの断りだけは**画面ローカル**（`drillBlockedNotice`）で出す＝`clearSelection` の `CLEARED_NOTICES` が同じ押下の中で `editBlocked` を消してしまうため。**黙って飲み込まず**、従来どおり選択を解いたうえで理由を出す（`06 §12.1`）
`TIMELINE_EDIT_LOCKED_SELECTION`	warning	—	固定された列の部品が選ばれています。固定を外すか、選び直してください	`ADR-0032`・#752-3（`locked` と分けるのは**次の行動が違う**ため＝選び直しでも進める。出るのは**消す**（`removeSelectedClipsChecked`＝1つでも「選んだもの」を通るので件数に依らず）と**まとめて動かす**（`moveClips`）と**まとめて長さをそろえる**（`trimClips`＝2件以上のとき・#1005）。⚠️ **単体で動かす**（`moveClip`）**だけは `locked`**＝そちらは指す先が1つの列に決まる（#773 レビュー）。ボタンの説明とキーの断り文が**同じ文**を読む）
`TIMELINE_EDIT_TRIM_NONE_AT_TIME`	warning	—	選んだ部品が、いま再生位置にかかっていません。再生位置を部品の上へ移すか、かかっている部品だけを選んでください	`ADR-0032`・#1005（**まとめて長さをそろえる**＝相手は再生位置を**またいでいる帯だけ**。またいでいない帯の端をその時刻へ動かすと、遠くの帯が**いちばん短い長さまで潰れる**〔画面の外で起きるので気づけない〕。ボタンは押す前に**何個変わるか**を出し、0個なら押せなくして**この文**を出す。⚠️ **いまの入口はボタンだけ**なので、この文は**押せない見た目の説明**（`title`）として出る。`editBlocked` にも立てるのは**保険**〔キーやメニューから呼ぶ道が増えたとき、無言で何も起きないを作らないため〕。⚠️ **1件のときも同じ規則**＝選んだ数で挙動を割らない〔ADR-0026②〕。伸ばす操作は「長さ（秒）」の欄が受け持つ）
`TIMELINE_CLIP_OUTSIDE_PLAYHEAD`	info	—	再生位置がこの部品の外にあります。部品が出ている時間（0.0〜0.0秒）へ動かしてから触ってください。	`ADR-0032`・#996（キャンバスの取っ手は**その時刻に出ている部品**にしか付かないので、選んでいるのに掴めない。⚠️ **同じ画面で流儀を割らない**〔ADR-0026②〕＝「動き」「音量の変化」の節は同じ状況を文で断っていたのに、「位置・大きさ」だけ**黙って取っ手が消えて**いた。⚠️ **行き止まりにしない**＝理由に加えて「**この部品の時間へ**」を置く〔音量の点の「この位置へ」と同じ流儀〕。⚠️ **言い方は1つの関数から採る**＝もとは2つの節に**同じ文が直に書かれて**いた。秒と「出ている／鳴っている」「触って／置いて」は差し込み口）
`TIMELINE_CANVAS_HOLD_TRACK`	info	—	固定された列の部品は仕上がり確認の上では動かせません。動かすには固定を外してください。	`ADR-0032`・#1012（キャンバスで**掴めない理由**。⚠️ **1か所にまとめる**〔#788-1〕＝以前は単体のときだけ理由別に出し分け、まとめて動かしたときは常に「固定を外してください」＝**動きが原因のときは従っても直らない**案内だった。⚠️ **次の行動は「その場面で本当に押せるもの」だけ**＝まとめてのときは数値の欄も「動き」も画面に無いので案内しない〔実在するのは矢印キーだけ・固定した列では矢印も効かない〕)
`TIMELINE_CANVAS_HOLD_TRACK_MANY`	info	—	固定された列の部品 N 個は動かしていません。動かすには固定を外してください。	`ADR-0032`・#1012（キャンバスで**掴めない理由**。⚠️ **1か所にまとめる**〔#788-1〕＝以前は単体のときだけ理由別に出し分け、まとめて動かしたときは常に「固定を外してください」＝**動きが原因のときは従っても直らない**案内だった。⚠️ **次の行動は「その場面で本当に押せるもの」だけ**＝まとめてのときは数値の欄も「動き」も画面に無いので案内しない〔実在するのは矢印キーだけ・固定した列では矢印も効かない〕)
`TIMELINE_CANVAS_HOLD_ANIMATION`	info	—	動きが効いている部品は仕上がり確認の上では動かせません。下の数値（または矢印キー）で変えるか、「動き」で調整してください。	`ADR-0032`・#1012（キャンバスで**掴めない理由**。⚠️ **1か所にまとめる**〔#788-1〕＝以前は単体のときだけ理由別に出し分け、まとめて動かしたときは常に「固定を外してください」＝**動きが原因のときは従っても直らない**案内だった。⚠️ **次の行動は「その場面で本当に押せるもの」だけ**＝まとめてのときは数値の欄も「動き」も画面に無いので案内しない〔実在するのは矢印キーだけ・固定した列では矢印も効かない〕)
`TIMELINE_CANVAS_HOLD_ANIMATION_MANY`	info	—	動きが効いている部品 N 個は動かしていません。矢印キーで動かせます。1つだけ選ぶと数値でも変えられます。	`ADR-0032`・#1012（キャンバスで**掴めない理由**。⚠️ **1か所にまとめる**〔#788-1〕＝以前は単体のときだけ理由別に出し分け、まとめて動かしたときは常に「固定を外してください」＝**動きが原因のときは従っても直らない**案内だった。⚠️ **次の行動は「その場面で本当に押せるもの」だけ**＝まとめてのときは数値の欄も「動き」も画面に無いので案内しない〔実在するのは矢印キーだけ・固定した列では矢印も効かない〕)
`TIMELINE_CANVAS_HOLD_GROUP`	info	—	まとまりの変形が効いている部品は仕上がり確認の上では動かせません。下の数値（または矢印キー）で変えてください。	`ADR-0032`・#1012（キャンバスで**掴めない理由**。⚠️ **1か所にまとめる**〔#788-1〕＝以前は単体のときだけ理由別に出し分け、まとめて動かしたときは常に「固定を外してください」＝**動きが原因のときは従っても直らない**案内だった。⚠️ **次の行動は「その場面で本当に押せるもの」だけ**＝まとめてのときは数値の欄も「動き」も画面に無いので案内しない〔実在するのは矢印キーだけ・固定した列では矢印も効かない〕)
`TIMELINE_CANVAS_HOLD_GROUP_MANY`	info	—	まとまりの変形が効いている部品 N 個は動かしていません。矢印キーで動かせます。1つだけ選ぶと数値でも変えられます。	`ADR-0032`・#1012（キャンバスで**掴めない理由**。⚠️ **1か所にまとめる**〔#788-1〕＝以前は単体のときだけ理由別に出し分け、まとめて動かしたときは常に「固定を外してください」＝**動きが原因のときは従っても直らない**案内だった。⚠️ **次の行動は「その場面で本当に押せるもの」だけ**＝まとめてのときは数値の欄も「動き」も画面に無いので案内しない〔実在するのは矢印キーだけ・固定した列では矢印も効かない〕)
`TIMELINE_SUBTITLE_OVERLAP`	warning	位置は**直さない**（手で置いた場所を黙って動かさない）＝知らせるだけ	同じ時刻に重なって出る字幕が N 組あります。そのままだと文字が重なって読めません。どちらかの字幕を選んで、上下にずらすか、出る時間をずらしてください。	#1014（⚠️ **置くその瞬間しか見ていなかった**＝`stackedSubtitleY` は置くときだけ重なりを避けるので、置いた**後**にずらすとまた同じ場所に重なる〔別の列に居るとき。同じ列は V24 で断られる〕。⚠️ **箱ではなく描かれる矩形で見る**＝高さは折返し行数＋帯の余白で決まる。**横も見る**・**回した後の外枠**で見る〔`subtitleOverflowsCanvas` と同じ式〕。⚠️ **書き出しは止めない**＝位置は利用者の持ち物）
`TIMELINE_BULK_VOICE_NOT_FITTED`	warning	声はそのまま残す（作り直させない）＋**どの部品か**を名前で示す	「 〇〇 」は、声は作りましたが長さを合わせられませんでした。	#1045（⚠️ **1件ずつのときの断り方をそのまま使えない**＝あちらは「選んだ部品」の欄に出すので相手＝いま選んでいる部品だが、まとめて作ると**選んでいない部品**が相手になる〔ADR-0034 決定10「操作した所で返す」〕。⚠️ **1件ごとに出すと次の断りで上書きされる**＝最後の1件しか残らない。⚠️ **次の行動はこの文に書かない**〔PR #1049 レビュー〕＝合わせられない理由は**重なり**とは限らず〔**列が固定されている**こともある〕、1つの締めを書くと**片方では効かない案内**になる。理由ごとの次の行動は**その理由の行**が持っているので、**出た理由のぶんだけ添える**）
`TIMELINE_EDIT_GROUP_ACROSS_TRACKS`	warning	—	この列の部品が、ほかの列の部品とまとまりになっています。まとまりを外してから複製してください	`ADR-0032`・#767（列の複製＝**中身ごと**運ぶので、まとまりが列をまたぐと**片側だけ複製した方の絵が変わる**。黙って違う絵を作らない＝ADR-0026④）
`TIMELINE_EDIT_HIDDEN_TRACK`	warning	—	この列は「出さない」設定なので、置いても動画に出ません。ほかの列へ置くか、列の「⋮」から「動画に出す」を選んでください	`#684`・`ADR-0034` 決定10（**固定〔動かせない〕とは別**＝映らない。ボタンで置くときも隠した列は選ばないので、ドラッグでも同じにする〔ADR-0026②〕）
`TIMELINE_EDIT_NOT_FOUND`	warning	—	その部品は見つかりませんでした。選び直してください	`ADR-0032`
`TIMELINE_EDIT_NOT_AUDIO`	warning	—	その部品は音を持っていません。音の設定は、音や読み上げの部品で変えてください	`#724`・`11 §7.6.3.2`（音の設定＝速さ・使い始め・音量・フェードを**音を持たない部品**へ書こうとした。⚠️ `NOT_FOUND` で断らない＝「見つかりませんでした」は嘘になり、選び直しても直らない。**兄弟との使い分け**＝`VOLUME_POINTS_KIND` は音量の変化（点）専用／`CONTENT_FIELD` は「音はあるが**その項目が無い**」〔読み上げに「鳴らす音の選び直し」は無い〕／こちらは「**そもそも音を持たない**」。⚠️ 現状 UI は欄を出し分けているので到達しない＝**防御としてのみ存在する**〔`VOLUME_POINTS_KIND` と同型〕）
`TIMELINE_EDIT_NOT_PLAYABLE`	warning	—	その部品には速さ・素材の使い始めがありません。音か動画の部品で変えてください	#1019 ⑦・`11 §7.6.3.2`（**速さ・素材の使い始め**を、その2つを持たない部品〔文字・図形・写真の差し込み口・見た目パターン〕へ書こうとした。⚠️ **`NOT_AUDIO` を流用しない**＝この2つは**動画にもある**〔直接置いた動画は `videoPlacementsOfClip` が `sourceStartSec`／`speed` を読む〕ので、「音や読み上げの部品で変えてください」だと**動画の部品を探せない**＝従っても直らない。⚠️ **読み上げは `CONTENT_FIELD`**〔音はあるがこの項目が無い＝長さは声の実尺で決まっており、速さを変えると連動している字幕の区間も意味を失う〕。⚠️ 現状 UI は欄を出し分けているので到達しない＝**防御としてのみ存在する**）
`TIMELINE_EDIT_NO_ORIGINAL_AUDIO`	warning	—	この動画には音が入っていないので、元の音は鳴らせません。音を付けるなら、音の列に音を置いてください	`#512` 段2・`11 §7.6.3.2`（動画の**元の音**を、動画ではない部品か**音の入っていない動画**へ書こうとした。⚠️ `NOT_AUDIO` と分ける＝「音や読み上げの部品で変えてください」は動画の話をしていないので、従っても直らない。⚠️ 画面は `canUseOriginalAudio` で欄を出し分けるので通常は到達しない＝**防御としてのみ存在する**）
`TIMELINE_EDIT_EXPORTING`	warning	—	いま動画を書き出しています。終わってから編集してください	`ADR-0032`・`11 §7.6.5`（書き出しは**始めた時点の文書**を焼く＝入らない編集を受け付けない・ADR-0026①）
`USER_TEMPLATE_SAVE_INVALID`	warning	—	この見た目パターンは、いまの内容では保存できません。直前に変えた項目を「取り消す」で元に戻してから、もう一度お試しください	`ADR-0017`・#959。**保存の前に「読み込みと同じ経路」（`parseTemplatePack`）を通す**＝⚠️ **「保存できたのに読み込めない」を構造で無くす**。以前は保存が素通りで、差し込み口を足した見た目パターンは `slotType` 欠落のまま保存でき、次に開くと**一覧から静かに消えていた**。⚠️ **補正で直せる欠けは先に補うので行き止まりにならない**（`15 §6` 取り込み時の自動補正と同じ関数）＝ここまで来るのは**補正では直せない不正値**だけなので「もう一度」ではなく**元に戻す**を案内する。⚠️ **複製・ゼロから作成も同じ action を通る**ので入口ごとに書き足さない
`PROJECT_BACKUP_AVAILABLE`	warning	—	この動画は開けませんでしたが、 〔日時〕  に保存できていたところが残っています。そこから開き直せます。開けなかったほうも消さずに残ります	#263。**開けなかったときだけ・利用者が押したときだけ**戻す（§2-5＝黙って古い内容へ巻き戻さない）。⚠️ **出すのは中身が壊れているときだけ**（`ProjectLoadError.failure === 'broken'`）＝新しい版・別の形式は壊れていないので、戻しても直らない。⚠️ **控えがあるときだけ**（押せるのに何も起きない導線を作らない）。⚠️ **いつのものかを言う**＝どれだけ巻き戻るかが分からないと決められない
`PROJECT_RESTORE_FAILED`	warning	—	前に保存できていたところから開けませんでした。一覧から別の動画を選んでください	#263（押したのに何も起きないように見せない）
`RESTORE_WRITE_FAILED`	error	—	戻した内容を書き込めませんでした。空き容量を確かめて、もう一度お試しください	`#263`。**戻す操作（復元ポイント・控え）の書き込みが失敗したとき**（`src-tauri/src/lib.rs`）。⚠️ **生の OS エラーを出さない**＝画面は Rust の文字列を優先して出すので、包まないと `os error 3` が利用者に見える（§2-3）。⚠️ **双子の両方を包む**（α-7 再監査 🟡）＝`restore_project_text` だけ包んで `restore_backup_files` を素のまま残していた。⚠️ **Rust の文言も検査に載せる**＝`errorStateTable.test.ts` の `rustMessages()` へ登録しないと、表とのズレが機械では見えない
`BAKE_LEAVE_BLOCKED`	warning	—	いま新しい動画を作っています。終わるまでこの画面のままお待ちください	`ADR-0032`・#992 ②（焼き出しは**素材を丸ごとコピーする**ので分単位になりうる。その間に画面を離れると**成否の受け皿ごと消える**〔できたのか失敗したのか二度と分からない〕ので `useNavigationGuard` で止める。⚠️ **黙って止めない**＝サイドバーは押せない見た目にできないので、理由を出さないと**押しても何も起きない画面**になる〔§2-5・`navigationGuard` は「`false` を返した側が理由を出す責任を持つ」〕）
`RESTORE_VOICES_CLEARED`	info	作り直しが要る読み上げを「作成前」に戻す	戻しました。セリフが変わっていた N 件の読み上げは、音が前のままになるので作成前に戻しました。この動画はいったん閉じています。開き直して、その場面の声の欄からもう一度作ってください	#263 段階2（#967 レビュー 🟡2）。⚠️ **音のファイルは戻らない**＝読み上げの音は決まった名前で上書きされるので、戻すと**セリフは戻った文なのに声はいまの文**になりうる。⚠️ **これは「見つからない」ではなく「中身が食い違う」**＝素材の欠けを見る仕組みでは拾えず、`status` も作成済みのままなので**そのまま書き出すと字幕と声が違う動画が出る**。⚠️ **文が変わっている読み上げだけ**戻す（全部作り直させると、戻すこと自体が重すぎて使われなくなる）。⚠️ **黙って消したように見せない**＝何も言わないと**声が消えた**ように見える。⚠️ **ボタンの名前を名指ししない**（α-7 出口監査 🔴）＝場面編集のボタンは状態で名前が変わり、**作成前に戻したあとは「声を作成」**になる（掛け合いには行ごとのボタン自体が無い）＝指した名前が見つからない、を作らない。⚠️ **開き直す前に出す**＝開くとホームが消えるので、後に置くと**一度も描かれない**。⚠️ **形式で場所を言い分ける**（#991）＝この知らせは**タイムライン形式でも出る**（`restorePointKeeper` は `clearStaleTimelineVoices` も通す＝#977）のに、文が**場面形式にしか無いもの**（「その場面の」「声の欄」）を名指ししていた。タイムライン形式に場面は無く、作り直すのは「読み上げ」の欄。`06 §12.1`「名指しするものはその画面に実在すること」（#723・決定5）に反する）
`RESTORE_VOICES_CLEARED_TIMELINE`	info	—	戻しました。セリフが変わっていた N 件の読み上げは、音が前のままになるので作成前に戻しました。この動画はいったん閉じています。開き直して、「読み上げ」の欄からもう一度作ってください	`ADR-0032`・#991（**同じ知らせのタイムライン形式版**＝`voicesClearedMessage(count, "timeline")`。この知らせは**タイムライン形式でも出る**〔`restorePointKeeper` は `clearStaleTimelineVoices` も通す＝#977〕のに、文が**場面形式にしか無いもの**〔「その場面の」「声の欄」〕を名指ししていた。この形式に**場面は無く**、作り直すのは「読み上げ」の欄。`06 §12.1`「名指しするものはその画面に実在すること」〔#723・決定5〕に反していた）
`RESTORE_POINTS_UNREADABLE`	warning	—	戻れる時点の一覧を読めませんでした。しばらくしてから、もう一度お試しください	#263 段階2（押したのに何も起きないように見せない）
`RESTORE_POINTS_EMPTY`	info	—	まだ戻れる時点がありません。編集して保存していくと、少しずつ増えていきます	#263 段階2。⚠️ **押せるのに何も無い理由を言う**＝時点は**5分に1つ**しか作らないので、作りたてでは空になる（`RESTORE_POINT_MIN_INTERVAL_MS`）。**増え方まで言う**と待てばよいと分かる
`TIMELINE_EDIT_ORIENTATION`	warning	—	この見た目パターンは向き（横長・縦長）がこの動画と違うので置けません。同じ向きのものを選んでください	`ADR-0032`・`11 §7.6.3`（層の座標がそのまま使われて画面外へ出る＝置く前に断る）
`TIMELINE_EDIT_EXPLODE_ANCHOR`	warning	—	動き（拡大・回転）が付いた部品は、そのままバラすと絵がずれます。動きを外してからバラしてください	`ADR-0032` 決定23・`11 §7.6.3`（動きの支点がクリップの箱→メンバーの外接矩形へ変わる＝はみ出す中身があるとずれる）
`TIMELINE_EDIT_EXPLODE_CROP`	warning	—	切り抜き・素材の寄せがしてある部品はバラせません。そのままバラすと切り取り方が変わります。切り抜きを外し、寄せを「中央」に戻してからバラすか、バラさずに使ってください	`ADR-0032` 決定23・α-6 差分再監査 4巡目（5巡目で **`warning`／「—」へそろえた**＝兄弟の `TIMELINE_EDIT_*` と同じ帯＝**置けないだけでデータは無事**。文言にも**寄せ**を足した＝断る条件は `cropAlign` も含むので、切り抜きしか言わないと解除できない）。⚠️ **切り抜きは部品の箱ぜんぶを切る**（`clipRect`）ので、要素ごとに分けると**各要素が自分の箱で切られる**＝別の絵になる。**写せないものはバラす前に断る**（`TIMELINE_EDIT_EXPLODE_TRIM_END` と同じ流儀＝バラすは取り消しでしか戻らない）
`TIMELINE_EDIT_EXPLODE_TRIM_END`	warning	—	切り出す終わりを決めた動画が入っています。そのままバラすと流れる長さが変わります。その枠に切り出していない動画を入れ直すか、バラさずに使ってください	`#512` 段3b・ADR-0032 決定23（直接置きの語彙に「ここまで」が無い＝置いた長さを縮めると**絵が早く消え**、縮めないと**その先まで流れる**。どちらも「前後で絵が変わらない」に反するので、動きが付いた部品〔`EXPLODE_ANCHOR`〕と同じ流儀で先に断る）
`TIMELINE_EDIT_EXPLODE_BACKGROUND_VIDEO`	warning	—	差し込み口ではない場所（背景など）に動画が入っています。そのままバラすと動き出して見た目が変わります。その動画を差し込み口へ入れるか、写真に差し替えてからバラしてください	`#816-4`・ADR-0032 決定23（差し込み口でない層の動画は**静止画として描かれる**のに、バラすと直接置きになり**実映像として動き出す**＝前後で絵が変わる。「動かさない」を写す語彙が直接置きに無いので `EXPLODE_TRIM_END` と同じ流儀で先に断る。⚠️ **立ち絵は対象外**＝下記 `EXPLODE_CHARACTER_VIDEO` へ分けた）
~~`TIMELINE_EDIT_EXPLODE_CHARACTER_VIDEO`~~	～～**退役**（#809・2026-08-27）～～	—	～～立ち絵として入れた動画は、まだバラせません…～～	⚠️ **自分で消えた断り**＝この関門の理由は「**バラすと動き出す**（バラす前は静止＋書き出しも断っていた）」だったが、#809 で**バラす前から動く**ようになったので前提が消えた。判定は `videoPlacementsOfClip` から作る `placementByLayer` を見ており、立ち絵が置き場所になった時点で**自動的に成立しなくなる**（条件を2か所に書いていなかったので、直す作業も要らなかった）。⚠️ **文言と定義は消さず退役として残す**
`TIMELINE_EDIT_SPLIT_PAST_SOURCE`	warning	—	そこは動画を使い切った後なので分けられません。動画が流れている間（映像が止まる前）の位置で分けてください	`#816` レビュー・ADR-0026①（後半の頭出しがそこまで進むと**切り出す終わりを追い越して反転レンジ**になり、終端が「無し」へ正規化されて**切り捨てたはずの先が流れ出す**〔元の音が入っていれば鳴り出す〕＝分ける前は最後のコマで凍っていたので、切っただけで絵が変わる。**素材の実尺を越える場合は書き出しが理由なく落ちる**ので同じ門で止める。判る材料が無いときは断らない）
`TIMELINE_EDIT_TRIM_PAST_SOURCE`	warning	—	そこまで詰めると、動画を使い切った後から流れます。動画が流れている間（映像が止まる前）まででお試しください	`ADR-0032`・#988（PR #1004 レビュー 🔴）＝**「分ける」に前からあった門（`usesUpSource`）が、左端のトリムに移植されていなかった**（`splitPastSource` は定義だけで未使用）。進めた頭出しが切り出す終わり〔`endSec`〕や素材の実尺を追い越すと、`resolveSlotClip` が終端を「無し」へ正規化して**切り捨てたはずの素材の続きが黙って流れ出す**（#816 と同じ形）。⚠️ **トリムのほうがドラッグで日常的に触る**ぶん起こりやすい。⚠️ **「分ける」と原因は同じでも別の理由にする**＝次の行動が違う〔分けるは位置を変える／トリムはそこまで詰めない〕ので、同じ文を使い回すと**していない操作**を案内する。⚠️ **右端を詰めるときは当てない**（頭出しが進まない）＝当てると、既に使い切った所から始まる壊れたデータで**直す手立てごと塞ぐ**）
`TIMELINE_EDIT_EXPLODE_TRIM_END_PER_USE`	warning	—	この枠だけ切り出す終わりを決めた動画が入っています。そのままバラすと流れる長さが変わります。その枠の動画をいったん「なし」にして入れ直してからバラしてください	`#512` 段3b・ADR-0034 決定5（**出どころで案内を分ける**＝「ここまで」は**その枠だけの設定**〔`slotClips`〕と**素材の既定**〔`asset.clip`〕のどちらからも来る。解決は per-use が優先なので、前者に「素材の画面で外して」と案内すると**従っても解除されない行き止まり**になる。入れ直すと `setClipAssetRef` がその枠の設定を落とす）
`TIMELINE_EDIT_LINKED_SUBTITLE`	warning	—	連動している字幕を置ける場所がありません。字幕をほかの列へ移すか、連動をやめてください	`ADR-0032` 決定24（読み上げ側の操作を断る理由＝触っていない列の話にしない）
`TIMELINE_EDIT_CURVED_EASING`	warning	—	この動き方は途中で分けられません。「動き」の欄に出ている秒数の位置か、動きの付いていない所で分けてください	`ADR-0034` 決定16・`11 §7.6.3`（**#753 で範囲が狭まった**＝カーブは前後へ切り分けて焼けるようになったので、断るのは**その形が表せない／置けない値になるとき**だけ＝「両端ゆっくり」〔3次ベジェで表せない〕／切れ目で進み具合が端に着く形／ハンドルが交差したカーブ〔切ると時間の制御点が 0〜1 を外れる〕／プロパティごとに別のカーブが要る／書き直す相手が後半だけの区間の行き先でもある／切れ目に焼く値が置ける範囲の外〔行き過ぎて戻るカーブ〕。⚠️ **近い形で黙って置き換えない**〔#262 と同じ流儀・ADR-0026④〕。文言の「動き方」は画面の「ここまでの動き方」と同じ語）
`TIMELINE_PLAY_EXPORTING`	warning	—	いま動画を書き出しています。終わってから再生できます	`ADR-0032`・#752-6（`TIMELINE_EDIT_EXPORTING` と分けるのは**次の行動が違う**ため＝こちらは「再生」。ボタンの説明とキーの断り文が**同じ文**を読む）
`TIMELINE_EDIT_PLAYING`	warning	—	再生を止めてから使えます	`ADR-0032` 決定21（位置を使う操作は再生中に押させない・理由を出す）
`TIMELINE_EDIT_UNSPLITTABLE`	warning	—	読み上げと、それに合わせている字幕は分けられません（文と音がずれるため）。字幕だけ分けたいときは「連動する読み上げ」で連動をやめてください	`ADR-0034` 決定16
`TIMELINE_EDIT_SPLIT_OUTSIDE`	warning	—	その位置では分けられません。再生位置を部品の中（両側が0.1秒以上残る所）へ動かしてください	`ADR-0034` 決定16
`TIMELINE_EDIT_LINKED_SUBTITLE_TIME`	warning	—	連動している字幕の時間は読み上げに合わせています。連動をやめると自分で動かせます	`ADR-0032` 決定24（区間の一致を保つ）
`TIMELINE_EDIT_VOLUME_POINTS_FULL`	warning	—	音量の変化は1つの部品に60か所までです。ほかの点を外してから置いてください	`ADR-0032` 追補・`11 §7.6.3.2`（上限は `VOLUME_POINTS_MAX`＝FFmpeg の式の解析上限。**置けたのに書き出しで断られる、を作らない**＝`§7.6.5` と対）
`TIMELINE_EDIT_VOLUME_POINTS_KIND`	warning	—	音量の変化を置けるのは、音や読み上げの部品だけです。音の部品を選び直してください	`ADR-0032` 追補・`11 §7.6.3.2`（鳴る音を持たない部品に意味の無いデータを書かない）
`TIMELINE_EDIT_CONTENT_FIELD`	warning	—	この部品にはその項目がありません。直したい部品を選び直してください	`#684` レビュー・`11 §7.6.3`（`setVisualClipContent`＝その種類が持たない項目／`setClipBox`＝箱を持てない部品〔見た目パターン・音・読み上げ〕・#685。**列の種別違い〔V23〕とは別**＝「列に置き直してください」は項目違いには当たらない案内になる。`VOLUME_POINTS_KIND` と同じ流儀）
`TIMELINE_AUDIO_SOURCE_MISSING`	warning	—	音が見つからない部品があります。その部品は鳴りません。読み上げを作り直すか、音を選び直してください	`ADR-0032`・`11 §7.6.2.2`
`TIMELINE_AUDIO_ASSET_MISSING`	warning	—	音が出せない素材があります。ファイルを選び直すと、置いた場所・切り出す範囲・音量の変化はそのまま残ります	#1050・#1051 ③。⚠️ **`TIMELINE_AUDIO_SOURCE_MISSING`（部品）と別**＝こちらは**素材**なので「ファイルを選び直す」が効く（番号を変えずに差し替えるので、置いた場所や設定が残る）。⚠️ **注意の件数にも入れる**（PR #1076 レビュー）
`TIMELINE_TEMPLATE_NOT_FOUND`	warning	—	見た目パターンが見つからない部品が3個あります。その部品は動画に出ません。その部品を消して、置き直してください（**件数は可変**。**選んでいる1つの詳しい欄では**「この部品の見た目パターンが見つかりません。…」＝#834-2）	`ADR-0032`・`11 §7.6.4`（描かれないものを黙らせない。⚠️ **文言の単一の参照元は `missingTemplateMessage`**〔#834-2〕＝以前は画面2か所に手書きされ、禁止語の検査の走査対象の外に落ちていた〔`lockedTrackMessage` と同じ流儀＝件数の有無で締めを変える〕）
`TIMELINE_EXPORT_EMPTY`	warning	—	まだ何も置かれていないので、動画を書き出せません。素材や文字を置いてから書き出してください	`ADR-0032`・`11 §7.6.5`（尺 0＝呼び出し側で止める）
~~`TIMELINE_EXPORT_VIDEO_ASSET_UNSUPPORTED`~~	～～**退役**（#809・2026-08-27）～～	—	～～立ち絵として入れた動画は、まだ書き出せません…～～	**立ち絵に入れた動画も映って元の音も鳴るようになった**ので、断る理由が無くなった（#512 の段1〜段3b と同じく `videoPlacementsOfClip` が置き場所として数える）。⚠️ **文言と定義は消さず退役として残す**（#635 の `TIMELINE_OVERLAY_RETIRED` と同じ流儀＝過去の版の記述と突き合わせられる）。⚠️ **見た目パターンが解けないときは置き場所にならない**が、そちらは `TIMELINE_EXPORT_TEMPLATE_UNRESOLVED` が別に断る（二重に見ない）
`TIMELINE_VIDEO_AUDIO_UNKNOWN`	info	—	この動画に音が入っているか確かめられませんでした。もう一度取り込むと使えることがあります	`#512` 段2・段3b（取り込みのときに動画を調べられなかった素材＝**「入っていません」と断定しない**。断定すると嘘の理由になり、次の行動も誤る〔実際は取り込み直し〕。場面形式も同じ2文で出し分けている＝ADR-0026②）
`TIMELINE_VIDEO_NO_AUDIO`	info	—	この動画には音が入っていません（音を付けるなら、音の列に音を置いてください）	`#512` 段2・段3b（元の音の欄は**音が入っている動画にだけ**出す＝直接置きも差し込み口も同じ2文＝出しておいて効かない、を作らない。入っていないものには**その場で次の行動**を出す・§2-5。段1 の `TIMELINE_VIDEO_AUDIO_PENDING` は元の音が鳴るようになったので置き換え）
`TIMELINE_VIDEO_STILL_IN_GROUP_FADE`	info	—	まとまり全体を薄くしている間は、ここでは動かずに見えます（書き出した動画では動きます）	`#512` 段1・`11 §7.6.4`（**合成の単位が跨るときは実映像を出さない**＝層ごとに薄さを掛けると重なった所で下が透け、書き出し〔1枚にしてから掛ける〕と別の絵になる。**黙って静止画に見せない**・§2-5）
`TIMELINE_VIDEO_STILL_ROTATED_CROP`	info	—	回した部品を切り抜いている間は、ここでは動かずに見えます（書き出した動画では動きます）	`#512` 段1・`11 §7.6.4.1`（**切り抜きを回す中心が食い違う**＝書き出しは矩形自身の中心・画面は部品の中心で回るので**別の窓**になる。直せるまでは出さない側へ倒す。⚠️ **中心対称な切り抜きは断らない**〔過剰に止めない〕）
`TIMELINE_VIDEO_STILL_UNPLAYABLE`	info	—	この動画は、ここでは映像も音も出せません（形式が合わないか、ファイルが見つかりません）。MP4 で取り込み直すと、ここでも確かめられます	`#816-1`・ADR-0001（**この画面が復号できない形式**〔`.avi`/`.mkv` 等〕＝取り込めるが再生できず、**例外ではなく主要ケース**。以前は静止＋無音になるだけで理由も出ず、書き出しは実映像＋元の音＝**見えていたものと違う動画**が成功として出ていた。音も鳴らせない〔同じ復号器を通る〕ので、鳴らす側からも外して理由だけ出す。⚠️ **素材のファイルが見つからない**ときも同じ状態に落ちる〔失敗の合図は理由を区別しない〕＝**「書き出しには入る」と約束しない**・両方に当たる行動〔取り込み直す〕だけを出す）
`TIMELINE_EXPORT_TEMPLATE_UNRESOLVED`	warning	—	見た目パターンが見つからない部品があります。そのままでは動画に出ません。その部品を消して、置き直してください	`ADR-0032`・`11 §7.6.5`（描かれないものを黙って落とした動画を成功にしない＝ADR-0026④・場面形式の書き出し停止と同じ）
`TIMELINE_EXPORT_SUBTITLE_LINK_BROKEN`	warning	—	連動する読み上げが見つからない字幕があります。そのままでは動画に出ません。連動先を選び直すか、字幕の文を入れてください	`ADR-0032` 決定24・`11 §7.6.2.3`（**指しているのに見つからない**もの限定。「何も描かれない字幕」全部には広げない＝焼き出しが作る「元から空の字幕の箱」まで止め、焼いた直後の動画が書き出せなくなる＝#787 で試して取り下げ）
`TIMELINE_EXPORT_VOLUME_POINTS_TOO_MANY`	warning	—	音量の変化の点が多すぎる部品があります。1つの部品に置けるのは60個までです。いらない点を外すか、部品を分けてください（**分けられる部品が無いときは**「音量の変化の点が多すぎる部品があります。1つの部品に置けるのは60個までです。いらない点を外してください」＝#831）	`ADR-0032` 追補・`11 §7.6.5`（点の数だけ式の項が増え、**点 95 個までは通り 96 個で FFmpeg が式を解析できなくなる**＝実測。渡してから落ちると「もう一度お試しください」しか出せないので**押す前に断る**・上限は `VOLUME_POINTS_MAX`。⚠️ **`#831`＝「分けてください」は読み上げには実行できない**〔読み上げは分けられない〕＝挙げた部品に分けられる種類が1つでもあるときだけ添える。`exportBlockedMessage` の Record には無く `volumePointsTooManyMessage(hasSplittable)` が締めを変える〔`lockedTrackMessage` と同じ流儀〕）
`TIMELINE_EXPORT_ASSET_UNREADABLE`	warning	—	素材のファイルを読めませんでした。そのままでは動画にその絵が出ません。素材を取り込み直すか、その部品を置き直してください	`#716` レビュー・`11 §7.6.5`（**プレビューでは開いた時点の表示先で写真が出たまま**なので、断らないと「見えていたものと違う動画」が成功として出る＝ADR-0026④。見た目未解決〔`TEMPLATE_UNRESOLVED`〕と同じ流儀）
`TIMELINE_EXPORT_VIDEO_FILE_MISSING`	warning	—	この動画で使っている動画のファイルが見つかりません。編集画面の知らせから「ファイルを選び直す」で入れ直すと、置いた場所・切り出す範囲・動き・字幕の紐づけはそのまま残ります	#1068・`11 §7.6.5`（**実フレームで描く動画**〔直接置き・差し込み口・立ち絵〕は代表フレームを要らないので `ASSET_UNREADABLE` の対象から**わざと外してある**＝混ぜると「実フレームで描けるのに代表フレームが作れないせいで永久に書き出せない」を作る。⚠️ **ここはファイルがあるかだけを見る**＝無ければコマを焼く段〔`stage_clip_frames`〕で**必ず落ちる**ので、保存先を聞いて走り出してから途中で止めない〔`06 §12.1`〕。⚠️ **調べられないときは断らない**〔`missingAssetFiles` は空を返す〕＝嘘の警告を出さない。⚠️ **壊れている動画はここでは判らない**〔開いてみるまで分からない〕＝そちらは書き出しの最中に Rust が断る。⚠️ **構造を保つ直し方を名指しする**＝#1101 で編集画面の知らせにも実写動画を載せ「ファイルを選び直す」へ行けるようにしたので、文言もそちらを指す〔#1019 ⑤〕）
`TIMELINE_EXPORT_AUDIO_UNREADABLE`	warning	書き出しを止める（押す前ではなく、始めてすぐ＝ディスクを読むので）	①（読み上げ）動画で使っている音を読み込めませんでした。そのままだとその部分は無音になります。その読み上げを選んで「声を作る」でもう一度作ってください ②（同梱の曲）…その部品を選んで「音」の「鳴らす音」で選び直してください ③（取り込んだ素材）…その素材の「ファイルを選び直す」から入れ直すか、その部品を消してください	#1064（⚠️ **絵は前から断っているのに音だけ黙って落ちていた**＝混ぜる側〔`timelineBgmRunInputs`〕が読めない音源を読み飛ばすので、**無音になった動画が「成功」として出る**〔ADR-0026④〕。⚠️ **音源の種類で次の行動が違う**〔PR #1066 レビュー〕＝「ファイルを選び直す」は**取り込んだ素材だけの導線**で、読み上げ・同梱の曲には無い＝1つの締めを書くと**実行できない行動**を勧めることになる。⚠️ **まだ作っていない読み上げは対象外**＝音源そのものを持たないので `audioSourcesOf` に出てこない。⚠️ **調べる前に断らない**＝書き出しの直前に音源をそろえてから見る〔#1061〕。⚠️ **保存先を聞く前**に見る〔絵の判定と同じ順〕）
`EXPORT_OTHER_RUNNING`	warning	—	ほかの動画を書き出しています。終わってから、もう一度お試しください	`ADR-0032`・`11 §7.6.5`（場面形式とタイムライン形式は一時ファイルの置き場を共有＝同時に走らせない）。⚠️ **相手が後片づけ中のときもこの文で受ける**（差分再監査 ℹ️）＝厳密には相手も走ってはいないが、**待つ相手が自分の外にある**点は同じで、次の行動も変わらない。到達も極めて狭い（相手の片づけ中に別形式を開いて書き出し画面まで行く）。自分の片づけ待ちだけを `EXPORT_CLEANUP_PENDING` に分けるのは、そちらが**成功のたびに必ず出る**＝主語のずれが毎回目に入るため
`EXPORT_CLEANUP_PENDING`	warning	—	前の書き出しの片づけをしています。終わると、また書き出せます	`ADR-0032` 決定22・`11 §7.6.5`（#843）＝**書き出しの終わり（成功・中止・失敗）は片づけより先に立つ**ので、片づけ（一時ファイルの削除＝フレーム数に比例）の間はボタンが戻っているのに締めが返っていない。⚠️ **`EXPORT_OTHER_RUNNING` を流用しない**＝走っている「ほかの動画」は無く、片づけているのは**自分の直前の回**（主語が実態と違う案内にしない）。⚠️ **押す前に無効化して理由を出す**（`06 §12.1`）＝押す前の理由と押したときの理由は同じ述語（`isOwnCleanupPending`）から採る。**両形式に同じ窓がある**ので同じ扱いにする（ADR-0026②）。⚠️ **「お試しください」と書かない**（差分再監査② 🟡2）＝この文は押そうとしたときだけでなく**書き出しが成功した直後にも必ず出る**（終わりの合図が締めの返却より先）。片づけるコマは尺×fps 個あるので、成功のたびに数秒「動画を書き出しました」の**上**に警告として並び、何も頼んでいない利用者が催促を読まされる＝**成功が失敗に見える**。だから**状態の文**にする（何が起きていて、いつまた押せるか）＝押したときの断りとしても成り立つ
`BAKE_BROKEN_RESULT`	error	—	作れませんでした。元の動画の中身に問題があるようです。作る範囲を狭めるか、元の動画を直してからお試しください	`#628`。焼き出した結果がスキーマに適合しないとき（**開けない動画を一覧に作らない**＝ADR-0032 決定15）
`EXPORT_BUSY_ASSET`	warning	—	書き出しが終わるまで、素材の追加や変更はできません。書き出しが終わってからお試しください	`#379`。**書き出し中は入力を固定**（読み取り中に素材が消えると、写真の抜けた動画が成功として出る）
`EXPORT_BUSY_BGM`	warning	—	書き出しが終わるまで、BGM は変更できません。書き出しが終わってからお試しください	同上
`EXPORT_BUSY_TEMPLATE`	warning	—	書き出しが終わるまで、見た目パターンは変更できません。書き出しが終わってからお試しください	同上
`TIMELINE_VOICE_FAILED`	error	—	声を作れませんでした。しばらくしてから、もう一度お試しください	`#633`。タイムライン形式で読み上げを作れなかったとき。⚠️ **場面形式の双子**（あちらは `NARRATION_SYNTH_FAILED`）
`TIMELINE_VOICE_SAVE_FAILED`	error	—	作った声を保存できませんでした。もう一度お試しください	`#633`。**作れたのに残せなかった**を分けて言う（作り直しの手間が違う）
`TIMELINE_VOICE_EXPORTING`	warning	—	いま動画を書き出しています。終わってから声を作ってください	`#633`・ADR-0032（走っている間は入力を固定）
`TIMELINE_VOICE_DURATION_UNKNOWN`	warning	—	声の長さを測れませんでした。部品の長さは手で合わせてください	`#633`。**次の行動を出す**（黙って仮の長さのままにしない）
`TIMELINE_OPEN_EXPORT_BUSY`	warning	—	いま動画を書き出しています。終わってから、別の動画を開いてください	ADR-0032（`11 §7.6.5`）。走っている間は入力を固定
`TIMELINE_OPEN_IMPORTING`	warning	—	いま素材を取り込んでいます。終わってから、別の動画を開いてください	取り込みの着地先が入れ替わるのを防ぐ（#762 と同型）
`TIMELINE_CREATE_IMPORTING`	warning	—	いま素材を取り込んでいます。終わってから、新しい動画を作ってください	同上
`TIMELINE_EXPORT_CANCELLED`	info	—	書き出しを中止しました。もう一度書き出せます	`#631`。**中止は失敗ではない**＝次の行動を添えて、やり直せることを言う
`EXPORT_CANCELLED`	info	—	書き出しを中止しました。もう一度「動画を保存」を押すと、やり直せます	#380・#1051 ③（場面形式）。⚠️ **タイムライン形式の `TIMELINE_EXPORT_CANCELLED` と別文**＝押すボタンの名前が画面で違うので、**その画面にあるボタンを名指す**（§2-5）。中止は失敗ではない
`TIMELINE_EXPORT_UNSUPPORTED`	fatal	—	この環境では動画を書き出せません。アプリから起動し直してお試しください	`#631`。ブラウザで開いた等（Tauri の外）
`VOLUME_POINTS_OVERRIDE`	info	—	音量の変化を置いている間は、その点が音量を決めます。一定の音量に戻すには「音量の変化をすべて外す」を押してください	`#512`。**効いていない設定を触らせたままにしない**（触っても変わらない、を作らない）
`IMPORT_BUSY`	warning	—	いま素材を取り込んでいます。終わってからもう一度お試しください	取り込みは1つずつ（着地先の取り違えを防ぐ）
`IMPORT_CANCELLED`	info	—	取り込みを中止しました。 N 件は入っています。残りは、もう一度「素材を追加」から入れてください	#1024 ③（**「やめられるか」が操作で割れていた**＝書き出しと声には中止があるのに、取り込みだけ打ち切る入口が無かった〔大きな動画を10件入れたら終わるまで待つしかない〕。仕組みは声の一括作成と同じ**世代番号**＝進めると走っているループが**次の1件へ進む前に降りる**。⚠️ **いま運んでいる1件は止まらない**〔IPC の往復は途中で切れない〕＝**入ったものは残す**〔§2-5＝途中まで入れた素材を黙って捨てない〕。⚠️ **中止は「失敗」ではない**ので、何件入ったかと**もう一度できること**を言う。⚠️ **0件のときは件数を言わない**〔「0件は入っています」は数えた結果が嘘に見える〕。⚠️ **両方の形式で出る**〔PR #1034 レビュー 🔴〕＝当初は場面形式にだけ中止があり、タイムライン編集では**押しても止まらなかった**。回し方を `runBulkImport` へ寄せて共有した）
`IMPORT_NO_PROJECT`	warning	—	先に動画を開いてください	素材は動画のフォルダへ入るので、置き場が決まっていないと取り込めない
`DROP_REJECTED`	warning	—	N件は取り込めない形式でした（〈名前〉）。写真・動画のファイルを落としてください。音楽は書き出しの「BGM」から選べます	#1026 ②（**落とせるようにした**ら、通らない形式も落ちてくる。⚠️ **黙って捨てない**＝落とした本人は全部入ったと思うので、増えていないことに気づけない〔§2-5〕。⚠️ **ふるいは「開く」の絞り込みと同じ一覧**〔`droppableExtensions`〕＝落とすときだけ通る形式を作らない〔ADR-0026②〕。⚠️ **音の行き先まで言う**＝場面形式は写真・動画だけ受けるので、音楽を落とした人が行き止まりにならない）
`IMPORT_TIMELINE_OPEN`	warning	—	この画面は、場面から作る動画の素材置き場です。タイムラインの動画へ入れるなら、その編集画面から取り込んでください	`ADR-0032`・#991（**タイムライン形式を開いている人**に `IMPORT_NO_PROJECT`〔「先に動画を開いてください」〕を出すと**嘘**になる〔開いているので〕。しかも**次の行動が違う**＝そちらの素材はその編集画面から取り込む。⚠️ **同じ画面の2か所へ出す**＝空状態の案内と「素材を追加」の押せない理由〔ホバー〕。片方だけ直すと、同じ状況に2通りの言い方が残る〔PR #1020 レビュー 🟡〕）
`IMPORT_BLOCKED_EXPORTING`	warning	—	いま動画を書き出しているので、取り込めませんでした。書き出しが終わってからもう一度お試しください	`#379`
`EXPORT_BLOCKED_IMPORTING`	warning	—	素材の取り込み中です。取り込みが終わってから書き出してください	`#379` の裏返し（**両方向を塞ぐ**＝片方だけだと順番によってすり抜ける）
`EXPORT_BLOCKED_VOICE_BUSY`	warning	—	声を作成中です。作成が終わってから書き出してください	作りかけの声が入った動画を出さない
`LEAVE_BLOCKED_EXPORTING`	warning	—	いま動画を書き出しています。終わってから画面を移ってください	ADR-0032（走っている間は入力を固定）
`ASSET_TOO_LARGE`	warning	—	①大きいファイルは「写真・動画を選ぶ」から取り込んでください ②もっと小さいファイルをお選びください	`#347`。**経路で言い分ける**＝①は別の取り込み方があるとき、②は無いとき（**同じ文で済ませない**）
`DUCK_MERGED`	info	—	セリフが多いため、BGM を下げる区間をつないで保存しました。セリフとセリフの間でも BGM が下がったままになります。気になる場合は「音の自動調整」の「どのくらい控えめにするか」を弱くするか、動画を分けてお試しください	ADR-0032 追補4（#257）。**まとめたことを知らせる**（黙って捨てると下げ忘れになる）
`DUPLICATE_FAILED`	error	—	動画を複製できませんでした。もう一度お試しください	`#755`
`BRAND_FONT_NOT_APPLIED`	warning	—	覚えている文字の形は、いまこのパソコンにありません。設定の「文字の形」で取り込み直すか、「会社の見た目」で選び直してください	`#929`（ADR-0036〔#351〕・ADR-0038〔#261〕）。**黙って既定の字体にしない**
`BRAND_LOGO_NOT_APPLIED`	warning	—	ロゴを取り込めませんでした。「よく使う素材」に置いてあるか確かめてください	ADR-0035/0036。ロゴの実体は素材ライブラリを指すだけなので、消えていると取り込めない
`BRAND_FONT_CLEARED`	info	—	この文字の形を外したので、会社の見た目の指定も外しました。設定の「会社の見た目」から選び直せます	ADR-0036。**連れて消えたものを知らせる**（黙って設定が変わったように見せない）
`BRAND_FONT_CLEAR_FAILED`	warning	—	この文字の形を外しましたが、会社の見た目の指定を外せませんでした。設定の「会社の見た目」から選び直してください	ADR-0036。**片方だけ済んだ**ことを言う（成功に見せない）
`TROUBLE_LOG_OPEN_FAILED`	warning	—	記録の場所を開けませんでした。もう一度お試しください	`#396`
`PROJECT_SAVE_WOULD_BREAK`	error	**書かずに断る**	この内容は保存していません（このまま保存すると、次に開けなくなるため）。取り消し（Ctrl+Z）で一つ前に戻すと保存できます	`#974`（`#416` の続き）。読み込みが拒否する形（型・必須の欠け）で保存しようとしたとき。⚠️ **書いてしまうと保存はできたのに次に開けない**（#959 と同じ形）＝書かなければ前に保存できていた内容が残る。⚠️ **「もう一度お試しください」と言わない**＝同じ内容を書き直しても同じ結果になる（押しても変わらないボタンを押させ続けない）。⚠️ **保存ボタンの文字も変える**（#982 レビュー）＝「保存できません（取り消して直す）」。**ふきだしを出さない画面**（ウィザード）では**ボタンの文字だけ**が利用者の見るものになるので、そこで「もう一度押す」と書くと押させ続けることになる。⚠️ **理由は文書と一緒に消す**（新規作成・読み込みで落とす）＝前の動画の理由が別の動画で出続けない。⚠️ **範囲違反は止めない**（読み込みが拒否しないので、止めると開ける動画を保存できなくする）
`PROJECT_OPEN_FAILED`	error	—	この動画を開けませんでした。もう一度お試しください	想定外の失敗の受け皿（読み込み側が理由を出せたときはそちらを優先＝**黙って何も出さない、を作らない**）
`PROJECT_DELETE_FAILED`	error	—	この動画を削除できませんでした。もう一度お試しください	#1026（⚠️ **画面に直に書いていた**＝名前の無い文は表との突き合わせ〔`uiMessageScan`〕の外に落ちる。語をそろえたときに**この文だけ検査に掛からなかった**ので、定数へ出して載せた）
`PROJECT_RENAME_FAILED`	error	—	名前を変更できませんでした。もう一度お試しください	#1051 ③。一覧の鉛筆からの改名が書けなかったとき。⚠️ **前の名前は残す**（書けないときは何も変えない）
`PROJECT_LIST_UNREADABLE`	error	—	保存した動画の一覧を読み込めませんでした。もう一度お試しください	#1051 ③。⚠️ **空の一覧と別**＝「1つも無い」と「読めなかった」を同じ見た目にしない（黙って「無い」と見せない）
`BRAND_LOGO_CLEAR_FAILED`	warning	—	会社の見た目のロゴを外せませんでした。会社の見た目から選び直してください	ADR-0036。**素材は外れたが、会社の見た目は消した素材を指したまま**＝片方だけ済んだことを言う。**その断りから直接そこへ行ける**（#1032＝行き先を言葉だけで示さない）
`BRAND_LOGO_LOOKUP_FAILED`	warning	—	会社の見た目のロゴが置き場に見つかりませんでした。設定の「会社の見た目」から選び直してください	ADR-0035/0036。**タイムライン形式の新規作成でロゴを持ち込むとき**（`BRAND_LOGO_NOT_APPLIED` と別＝見つからないのか、取り込めないのか）
`BRAND_LOGO_COPY_FAILED`	warning	—	会社の見た目のロゴを取り込めませんでした。設定の「会社の見た目」から選び直してください	同上（**見つかったが運べなかった**）
`BAKE_EMPTY_RANGE`	warning	作らせない	選んだ範囲に場面がありません。範囲を選び直してください	`ADR-0032` 決定17（#628）・#1051 ③。**場面が1つも入らない範囲では作らせない**（中身の無い動画を作らない）のを、**押す前に言う**
`BAKE_ESTIMATE_FAILED`	error	—	作る内容を確かめられませんでした。もう一度お試しください	ADR-0032 決定15（#635）。焼き出しは**押した瞬間に作らない2段階**なので、その1段目が失敗したとき
`READING_DICT_PREVIEW_FAILED`	error	—	聞き比べに失敗しました。もう一度お試しください	ADR-0037（#350）。**アクセントは聞き比べて選ぶ**ので、聞けないと選べない
`READING_DICT_EXPORT_FAILED`	error	—	書き出せませんでした。保存先を確かめてもう一度お試しください	ADR-0037（#350）。辞書の書き出し
`READING_DICT_IMPORT_FAILED`	error	—	読み込めませんでした。ファイルを確かめてもう一度お試しください	ADR-0037（#350）。辞書の読み込み
`VOICE_PREVIEW_FAILED`	error	—	声の確認に失敗しました。もう一度お試しください	設定画面の声の試聴（ADR-0005）
`WIZARD_TITLE_REQUIRED`	warning	—	動画のテーマ・タイトルを入力してください	ADR-0011（`videoKind=general`）。**入れないと先へ進めない**ので、その場で言う
`WIZARD_COMPANY_REQUIRED`	warning	—	会社名を入力してください	ADR-0011（`videoKind=recruit`）。同上
`USER_TEMPLATE_SAVE_FAILED`	error	—	見た目パターンを保存できませんでした。もう一度お試しください	ADR-0017。⚠️ **`USER_TEMPLATE_SAVE_INVALID`（内容が不適合）と別**＝書けなかったのか、書ける内容でなかったのか
`USER_TEMPLATE_DELETE_FAILED`	error	—	見た目パターンを削除できませんでした。もう一度お試しください	ADR-0017
`USER_TEMPLATE_NOT_SELECTED`	warning	—	編集する見た目パターンが選ばれていません。一覧から選んでください	#1051 ③。見た目パターンの編集画面へ直行したときの受け皿（白い画面を出さない）
`ASSET_IMAGE_UNREADABLE`	warning	—	画像を読み込めませんでした。別の画像をお選びください	素材の取り込み（`13 §5`）
`LIBRARY_LIST_UNREADABLE`	error	—	よく使う素材の一覧を読めませんでした。アプリを開き直してから、もう一度お試しください	ADR-0035（#260）。⚠️ **`MANIFEST_UNREADABLE` と別**＝あちらは目録そのもの、こちらは一覧を出す操作。⚠️ **行が見えている画面だけ一文多い**（#1051 ③）＝素材の置き場（よく使う素材の一覧）は**一度読めたあとに読めなくなる**と古い行をそのまま見せる（外したはずの行が残る）ので、そこでは「よく使う素材の一覧を読めませんでした。ここに出ているものは古いかもしれません。アプリを開き直してから、もう一度お試しください」と一文添える。ロゴを選ぶだけの場（会社の見た目）には古い行が見えないので添えない
`LIBRARY_ASSET_MISSING`	warning	—	この素材は見つかりませんでした。一覧を開き直してください	ADR-0035（#260）
`USER_FONT_LIST_UNREADABLE`	error	—	取り込んだ文字の形の一覧を読めませんでした。アプリを開き直してから、もう一度お試しください	`ADR-0038`（#261）・#1051 ③。設定の「文字の形」で**目録そのものが読めない**とき。⚠️ **書き出しの門（`USER_FONT_UNREADABLE`）と別**＝あちらは「この動画が使っている字体を調べられない」で書き出しを止めるもの、こちらは**一覧を出す操作**（`LIBRARY_LIST_UNREADABLE` と同じ流儀）
`FRAME_CAPTURE_NO_VIDEO`	warning	—	先に動画を取り込んでから、切り出したい時間を選んでください	`#349`。**順番を言う**（押せるのに何も起きない、を作らない）
`BRAND_KIT_UNREADABLE`	warning	—	会社の見た目を読めませんでした。中身を失わないよう、変えられません。アプリを開き直してください	ADR-0036（#351）。⚠️ **読めないものを空で上書きしない**（目録の扱いと同じ流儀＝`11 §2.1`）
`BGM_FILE_UNREADABLE`	warning	—	BGMを読み込めませんでした。別のファイルでお試しください	`13 §8`
`BGM_PLAY_FAILED`	warning	—	BGMを再生できませんでした。別のBGMを選ぶか、もう一度お試しください	#1051 ③・#392。**仕上がり確認の再生**で鳴らせなかったとき。⚠️ **黙って無音にしない**（§2-5）。⚠️ **停止・曲切替で中断された `AbortError` は正常系**＝偽の失敗を出さない
`NARRATION_PLAY_FAILED`	warning	—	声を再生できませんでした。声を作り直すか、もう一度お試しください	#1051 ③・#452 P2。`BGM_PLAY_FAILED` と同じ流儀（裏で失敗させない）
`AI_RESPONSE_UNREADABLE`	error	再生成/手動	AIからの提案を読み取れませんでした。もう一度お試しください	`12 §9.3`。⚠️ **`AI_RESPONSE_INVALID` と別**＝あちらは形が合わない、こちらは読み取り自体ができない（プロバイダ側）
